RBC,Hb,Hct,MCV,MCH,MCHC,RDW-CV,RDW-SD,WBC,Eo,Baso (0.01-0.08),Mono (0.24-0.8),Lymph,Neut (1.9-6.7),IG,Plt,Eo%,Baso%,Mono%,Lymph%,Neut% (42-71),IG%,NRBC%,Kaalium (3.4-4.8),Naatrium,Kaltsium (ioniseeritud),CRP,ALAT,ASAT,ALP,GGT,Bilirubiin,Kreatiniin,"eGFR (Crea, CKD-EPI)",Uurea,Albumiin (35-52),Lipaas,SGA_binary,SGA_ordinal
0.6362715666370486,0.204826898877819,-0.4485088847149197,1.0857023901511018,-0.00649871985472044,-0.41627274701209316,-2.323918630955546,0.5510270329219564,-0.9248124848708456,-0.5628285902661953,1.0876435923333474,-0.2009053237265512,0.8491327844467689,0.980649942060782,0.2901115771815313,-0.6881212701965935,0.12724869931007468,-1.1625672281375514,0.39528252701317496,-1.7361478593378492,1.44616798078793,0.4897520807382688,0.24397606849922093,-1.050005559692111,0.15619489193125893,-0.8079210011444101,-0.24628542086325025,1.3798873480749925,0.8953946258782215,-0.4432579846227383,1.519136443552427,-0.24664280660131332,-0.4253655291097043,-0.6273252426314616,-0.08160373188137973,0.28935947824288744,0.45506868124740424,0,A
-0.1938292752559224,0.9135021943708843,-0.8805023598889271,0.6750578470714347,-0.7068293271521328,0.4280924717853239,-2.3530308059521587,0.679811528349492,-0.2959796626133953,-0.24679602700833622,-0.5266823867534864,0.1278868120057528,1.6557444472331806,-0.290238047630473,-0.8698722619454873,-0.9162861729080332,-0.15826411361319537,-1.2419056799676107,-0.0625748621488787,-1.193691240751942,-0.8230249573622319,1.1917035249018213,1.1134916728014226,-0.1476178105990134,0.3444238350619462,-2.169043775404762,0.36165436101440673,0.1276645671383575,1.4261116586442437,0.3654543728509861,-0.07284764779044263,0.2917530316651605,1.0265507590975986,-1.0197304153093631,1.5738411970055726,-0.9559714864725062,0.43975543856140126,0,A
-0.6099222453546406,0.32146215518562543,0.4535413201538241,0.5706152361750082,0.7401417939420153,-0.14812397870065824,-0.9536246826920957,0.4835923369359951,-0.560127102185915,-0.9183421443566981,-0.8825535464574259,1.2767957615587195,0.27976438830432926,0.8218288946273651,0.20406026961055956,-0.6341065765001193,-0.1595822573158567,1.7902974107997587,-0.7438481573003907,0.3692140005327462,-1.6662290095021999,-1.536846248726009,0.4621369502458473,1.6213849047385023,-0.1632380826121145,-0.18452125756161955,-0.4670000197418932,-0.04734548053115414,0.15416675898415988,-0.17429716579069462,-1.6501192117458252,-1.0032252992546453,-0.12017559458748929,-0.3950113625978079,0.1447887954089678,0.02656257686028665,-1.5918433833131542,0,A
-0.06647052164117309,-1.1076708321414988,-0.7935950711729292,-2.246115748522109,1.515104250177418,-1.2852651098641634,0.17340761504718807,-1.2530707118256756,0.024793034071690426,-1.826402947879874,-1.4335065849334097,-0.8867918523935214,0.6641741282230759,1.8624772094649544,0.03032089330257866,0.6677260457107692,-0.1379995566153307,-0.18812009941418498,-1.6572836158984723,-1.2541106998082372,-1.4463798068492173,-0.4915683319893617,-0.2324301454152605,-0.25853461107943726,0.1625366630806956,-1.7648620706592917,-0.3897296708258021,0.625982852728835,-0.10464784573075589,1.6913985474167914,-0.10101855056166888,-0.08208276972026553,-0.22088366714704694,-0.007800515332410949,0.8331899715708097,-1.420543191815215,-2.387471237786426,0,A
-0.41674898403840405,0.803199789642879,1.338023379817596,-1.6745651564714394,-0.14724693279901835,0.31661997479085535,0.61911481833765,-0.7329895053537013,-0.19905284197755882,-0.5384957137903067,0.801328778706614,0.7745867049883913,0.40662287656055374,-0.4994823837715812,0.06219905278026637,-1.0412790312126454,-1.8941090307840964,-0.1732942460132713,-0.8521862511362485,-0.24459566745038855,0.14569924395215914,0.7145098236622218,-0.43584887852067244,1.5008910410949485,0.8059887720637903,0.38915644551228423,0.8242890546579005,1.1671977691309052,0.008718183097854063,-0.2921750724001876,-0.04541837807284179,0.09669243976600808,-0.31000469801368036,0.25907779497685246,-0.37584865469472173,0.7508023309213332,-0.22475266669908203,0,A
-0.6616829517260765,-1.7954755983413488,-1.4431386655480214,-1.9770800210062884,0.6185927810954307,0.12434360495398006,-0.1120371766536889,-0.41947929155753094,-1.2961449028606646,-0.5648857223611697,0.904010210927426,-0.37567009682518515,-0.8263859075096293,-1.1068315605796737,1.2791661375796546,1.563572359391609,0.9566433985522356,0.6840379106638883,-0.4327410067356926,-0.8813044651567759,-0.7840489859885604,-0.9163658144066954,0.8120799172893284,1.6787487194115351,0.8068207694200253,0.6185381655055474,-2.2096686868283757,-0.18950727569840453,-1.8726903371439285,1.5474082004712266,-1.6817767587808539,0.14341233088210725,-1.4321929800707833,0.5059280827059026,-0.16602953101005224,-0.4430845914517745,0.8417094763234245,0,A
,-0.8344016345005664,-1.440186777946787,-0.2105813746018381,-1.5861489458667148,-1.1054868476683397,0.5139100795947897,-2.0863162001017304,0.5130371869170455,-1.8197170823685869,-0.3841682706722208,1.0857776794667249,-0.00945495457906197,-1.8069820606392708,1.3172045853121976,-1.4062643290394983,-2.5542904276814884,-0.49874256115452514,2.143770975388162,-1.1522203958418422,-0.11398658137810917,0.37529354811502463,2.0500745981418222,-2.323021740357609,0.16756770117121889,-1.761057909993848,0.22473362464519042,1.61621811077865,1.1388672575501901,-0.0855805442615996,0.10176142306371343,0.4556802575550702,-0.17988000850788083,-0.36749918697295303,-0.16860700038850265,0.040885288026873697,-0.5104322781131838,0,A
3.3452427565000837,0.8079044823221385,-1.454989479462766,-0.3162549495967159,1.6221143102681372,0.3675614439172454,-0.6751004882901241,-1.3365828864431812,1.3124688620409637,1.1571987307416964,-1.2024957735630162,0.4187398441630444,1.0658248842603588,1.1294850066216597,0.6564072846199279,1.5294926597744694,-1.039747408957851,-0.49149225615117875,2.1286215232762906,-0.23863933298753515,-1.7137651191042673,2.1413641571856634,0.5348185390022968,-0.6739469689170201,0.03495335061294589,0.9662531051655415,1.201169229977764,0.3272299095193101,0.10995601014547829,1.0162159348449642,0.869340652843065,1.395287650630242,-0.4318489693118732,-0.23961705287965124,-0.796553114396762,0.7571934817739712,-0.8618126483752209,0,A
-0.1476934762582884,-1.7648034713024028,0.2848606796508748,0.11307211890843281,-0.26771931829499745,0.46624490742756397,-0.00581192990870732,-0.5254931021872095,1.4370847261116064,-0.4712286422562903,0.1534885292277505,0.3710313533006352,0.39041867259677143,-0.7260695969830736,0.4989880510361192,-0.21326469632891798,1.4850686057022011,-0.13802337206434737,1.1043227869052934,-0.16507950546134573,0.40186535512563587,-0.13944636057355028,0.9276323251813506,-0.17913677093966407,0.40934333238956694,0.884574498851534,1.3022171445059896,-0.5116899233439237,-0.1594729762806381,-1.3066639203615569,-1.62303095745612,-1.6321225585811328,1.6241611761433086,-0.03058242458623354,-0.1444850459678168,0.19288612559196514,-0.024422602086425913,0,A
-0.01415197275098092,0.7919979332282776,-1.3161017567038904,-1.4915016060146398,-1.1919706967030301,0.0838405918082293,-1.3138484062354974,1.3378315053045178,0.16637185767446766,0.5688878437065342,2.1832589513279443,-0.19500315106598484,-0.008319775568264387,-0.11445131966242443,-0.31384232177597604,-1.3459074295507583,-0.1256809771873651,0.24551995212690955,0.3656291804804116,-1.6543855194166033,-0.5193728259222831,-0.7720453982372395,0.9842085710594619,-1.5498596285689208,1.3499438745583023,-0.5068695325841507,-1.0646408304547568,-0.5629562438961606,-0.13000708021231652,-1.5101000812174226,0.1184967641500071,-0.7390139640639176,-0.29253687095512315,1.4636372560166977,-0.44817149791968597,-0.1385285561803308,0.27207258902904236,0,A
-0.5625382907089328,-0.4076925533558651,1.6070568749711316,-1.471149908177417,0.3294068012455122,-1.5101167586197997,-0.7299641000887704,-1.0963631639258888,0.386179409947309,-0.05328670916814911,-0.5467953820293974,-0.2827519539208343,-0.5129086570304547,-0.9571771755677551,-0.04957146104983475,0.4227700755622673,-0.7040918613371718,0.1273709232760017,0.7353716361348519,0.2060030907422067,0.49387563687642644,0.602231481685353,-0.07287341780830028,-0.47922724147143675,1.680793775715464,0.9949132263212754,0.6375996949244584,-0.5085874042514362,1.224632933589453,-0.16070060897126973,0.8410873012172979,-0.6192619769598122,-0.6928504984618874,0.5863529359390991,0.09590547657033986,-1.3200734123480027,0.9439065619624807,0,A
0.1710674212337769,-0.7971127447402185,-0.1654187431652621,0.5484248717293041,-0.9919029298458808,1.154693278583289,0.5123211031309163,-0.35343106310783745,0.5490472524149322,-1.1283070308422534,1.129532802965651,0.797777732021399,1.5244026045292272,0.41932473969493866,0.28240175852608546,-0.114897560568998,0.11067771463411843,-1.313707982126952,-2.234533925294469,-0.9758752983246469,1.2289714705848014,-0.043215827065838146,-2.2678666800185185,1.5291255355283038,1.1019800478193087,-0.44015195808352264,-0.6865700719515273,-0.4461934601762424,1.5450493141685453,1.6534389286762647,-1.077547161858113,0.09601241282309177,1.0242031099330593,0.7377040154143769,0.798554621036754,0.48228469973853055,0.2604989056322576,0,A
-1.5330121879750147,-0.7185351671306316,-0.63798920598445,0.19072963355493933,1.8377884744659811,-0.0023209325210935636,0.2894883076778147,-1.1133256929818096,-0.7121533565206015,-0.7353284677932165,0.19778741284401954,0.6936630321302311,1.9369105840617495,0.5986142587829056,-1.5514655421492585,0.3096775516307005,-0.8965143216998784,-0.7488846946817665,-0.3700592039715814,-0.9786361783587205,0.14887524796498725,-1.0023945196188393,-1.0215075548879478,-0.4253729724187929,-1.4966814327412126,0.06835450008795094,0.4651450081824277,0.00023360403435035822,-0.6684452409242492,-0.6445630009828937,1.11065864215512,-1.5652864501885784,0.19702529412329606,1.1782303477417906,0.2669126242494822,-1.6889382398470387,-1.541240824591602,0,A
0.7894326681796131,-0.5642638182546799,-0.6549743964335434,-0.7006488282408173,-0.18309076022574958,1.6179014669287308,-0.4515725548665125,-0.16417291498426,-0.20841446056995191,-1.4512746317615495,0.9582511130591231,-0.8629385289466777,-1.9564101994641514,-1.3915547684631946,1.66709376409279,0.20058639298594447,-1.4585258651280417,0.37584675541664464,-0.2794997210444896,-1.0984914097244605,1.6232285427257225,-0.9437953276543336,2.499138586541442,-1.059259530244646,-1.8769612857430802,-0.4803572016062705,0.8985882576649251,0.4183076031134279,-0.2945585628192704,-0.22486206107305298,0.07553623221787598,0.9087085032722292,1.3593288893847972,0.23730892336997692,-2.3965385208121632,1.81932480470567,-1.4473609130397767,0,A
0.8594787778448034,1.9605119857327182,0.4372750702756518,0.33852905997110205,-0.5546448348890112,0.33500051058953445,0.8256434212391639,-0.5598499330487275,-1.501855584059025,0.7350926008627613,0.4469608468561239,-0.3419944665778403,0.0873374089675327,-0.5824100793282269,0.30868831557381254,0.5646200658261087,-0.8176196469540137,-1.2527267446522823,-2.5829710920868836,-0.5380718722082639,-0.13808052980221652,2.1836168834581775,0.3235788658039839,-1.2375899243982904,0.29566672156817725,-1.4988393120940422,-0.22933409008383634,-0.7032816870511301,-0.15981105102592613,0.6411640537250441,1.178559038255971,-0.4498823489157116,-1.702601897320563,0.49627710896608274,0.1353163715249252,-1.3900159715791574,0.3200201691561763,0,A
-0.788596317482488,0.25356760056918387,,-1.4109647290911556,-0.14805801941507662,-0.5130421972442941,-0.3005659785027871,0.10030528910184319,-1.7228581091233985,0.03858012126237125,0.9447177353407169,0.6000722868717908,-1.2790172336505476,1.2025303630340762,0.6700436890838033,-0.6706113771550367,-0.3398817458586344,0.3009970737641063,-0.14603185865061036,1.0289717064054948,0.3398559684769397,0.8757854676656285,-2.8425758161105072,-0.4362548810415134,1.0563631160303761,-0.19180176433751359,-1.1522158530166302,-1.1485921215717163,-2.5923261661992543,-0.36916244571886997,0.7140239231264581,-0.6846322646318868,-0.6364059913587036,0.4259431034059041,-0.7021709764459559,0.2197907101551537,0.30702600639922084,0,A
0.7997817519947572,-0.33714045631964495,0.8937720603847592,0.4762992185096316,1.1846923851687206,-0.9098308926430104,2.191382089678288,0.5921520225488995,0.08724249980862761,0.8608745508629729,-1.0869447071269842,-0.7669949166120867,-0.2796460579034732,-0.8433966963563531,-0.7880467895798854,0.026017509936581952,0.10760586130708785,-0.6300714761509327,0.03735204419524774,0.8624139939809227,0.6516706986100297,0.9948669316070485,-0.09906379510564443,1.3262507694719916,-0.3422317698763219,0.031771440716036714,0.944861421551919,1.0322927868651417,0.5069999179113345,0.6830072536234126,-0.2319803914822532,-1.2905211761848439,-0.9813543904882708,1.2252596818839192,1.1623845326721463,1.5970466299470805,0.23318191034986718,0,A
2.6189180424539504,0.5268855384293656,0.7967494896269408,1.1220405993672828,-0.2916787560931149,1.118524305574859,0.8286180403246161,1.7547603180233795,-0.6953093747326111,0.4698395483031929,0.7514445513597791,-0.06739838610725114,-1.838977296459221,-0.5066185070686029,-0.9256722102351136,0.27879469646667854,-0.541998890580294,-0.7983518549199949,1.411286095030357,0.04190359898646674,-1.2326684240202017,0.19651537990109247,-0.6127256852557417,1.3809771053317514,-0.1620082498094661,-0.35468617616894793,1.179533043532414,-1.3961904403933871,1.0119916269838187,-0.6959251076564755,0.9463316193703515,-0.2049480221762581,0.42398476141015085,-1.0587432552670937,-1.1110085368212603,-1.5403309731426558,0.21528890681532664,0,A
1.4727237620608415,-0.7394999463204974,0.06504712012140856,-1.7136517063449328,-1.0541973667105058,1.1146212868670242,0.28564254474801115,1.2355018730140233,-1.4455409603217593,-0.5033493536436022,-0.9477907117448593,0.2381233543293236,0.6986190640114659,-1.064905207853998,1.1135919796512135,0.7534086440954756,1.1667344666901378,-1.0970437415325833,-1.177497148880791,-0.09616761525564768,0.12096177570332392,0.30564482322858594,-0.001517261208405505,-0.37877010161339186,-0.5377760370434217,-1.2024024431592273,0.9649960248378074,0.17634781132729788,0.43435328667488154,0.33589452462885805,0.24648781248950408,-0.6440766124722679,0.44260112295960197,-0.816785131052131,0.04976379586977017,-1.2962639060236865,-1.286487437461444,0,A
1.6640367880257863,-1.5505564207883524,-1.1000011985218068,-0.8566650952157703,0.1341465005428141,0.15268003392899518,-0.17508595109633185,0.1479389865442801,-2.477315531613466,0.159160357923621,-0.25798368937120253,-1.4253483106431364,1.2273684633127149,-1.693103723295307,-1.4360051995372303,1.394065795177212,-1.0287416754725516,-0.03424320273179615,-0.5967955556816726,-1.1001542028124498,1.101604995920608,0.3548065833546515,1.862530711363797,-1.7790075436828807,-0.6535894542133462,-0.07122585659258455,0.27785241731915034,-0.16576287078059238,-2.165118885176945,1.0552887015375045,0.1633276846491702,0.857542351048836,-1.1471042836443435,-1.2573237891975515,0.4898748870284704,-0.7731245069304514,1.7868130402037035,0,A
-0.9877441456992493,,-0.9765593507275717,1.5661592730608058,-0.08527069132356195,0.7276802842464298,0.4768401363547292,-2.1550355653078106,0.3659943780167829,0.051923094161290664,0.1121368743112281,-0.7926569109697718,0.1303868019397678,0.3160368427586849,-1.0299054878841678,-1.5244807331079102,0.07854801157834919,-0.6908774009616279,-2.18525997649505,0.9954201866970094,-1.6869740884467557,0.2411584323893398,1.5407570412139606,1.324791715509503,-1.6285804952218008,-1.8403524666002726,-0.6214508158792721,-1.5696927290479967,-0.45490326615786086,1.76089311082769,-0.47770432659751866,2.083313058313384,-0.08917857533167171,-1.1840220294457802,0.8900497918027099,-2.269141135881658,-1.187848568819849,1,B
,0.10708201969457762,-0.02334106887880253,-0.3126362331168301,0.9302173944763504,-0.7943060219836868,0.9516057345842839,0.5699664961695926,-1.0843822456828773,1.3378042177238916,2.0104541131686253,3.4768109516062977,-2.6814420709999673,0.0406316417338692,1.3883559422776546,-0.7529885890160698,-1.5372152360299582,-0.5842405591579136,0.7685675338872842,-0.10097573811796247,-2.5479380858355585,-2.4422119200880035,-1.436238695182017,1.0780881700029423,-0.8847351309267387,0.39391075855324453,0.28836338295350034,0.6108569186010024,-2.0110877406018774,-1.1400394891049854,0.02115634159569545,0.399055254907009,-1.6009073820495048,-0.9297328855815759,0.8908685414551353,-1.022626974356052,-0.196532416365217,1,B
0.9207694110727678,0.9539939163339856,-1.7357182414338523,-0.6138315466930484,-1.9710726451594347,-2.0130554617082455,1.5509158311039652,-0.15895513480963655,0.4400251980348369,-4.066856551208603,0.9126890816217021,1.2245730193205426,-0.09001231297190601,-0.8414383454808537,-0.37522620584733596,0.9272172398696477,-0.9282027880221865,-1.438085088803214,-1.3013706591291438,0.5566687243832855,-0.1764685310101123,-1.807406708490974,-0.5180890156314719,-1.194907138428579,0.7254942867457832,0.3879247587370168,2.375635098886669,-0.48946956446510026,-0.837335958255687,-0.9924401322811044,-2.137119291225369,-1.7196395765972778,-0.9417430954656923,-1.4470372266276694,-1.2035098330670142,-0.7043105631405491,1.019659934058304,1,C
-0.3101390144341807,1.8683043551009548,-0.7214605776733379,1.5296485403377924,-1.8923650737014666,0.07131652919307671,0.4804417276437345,-2.2831887670620734,-0.3253913525061086,0.05305815377816511,1.4763900650391173,1.6476682275145857,2.4086044419048354,-0.7725281748567641,-1.9542181960100327,-0.5825805379547976,0.6939243562209869,1.1679740508678966,-1.3560277693397327,1.0934902444369183,1.730346225244663,-0.5906414828451425,1.4260535936883705,-0.7417035166734692,2.1410581768500507,-1.084483194854011,-0.2562871814584072,-0.5032315765621089,1.4273761625564867,-0.7638615884183929,-0.49943531394506385,0.4009291493101872,0.35621211672550646,-0.539091557389669,-1.0243936468232706,2.005540449675549,-0.24015822905424,1,B
-1.1588327663252067,-0.08322667745932619,-1.5216203520215452,-0.000990822302371136,-0.20962595066348094,-1.1032711484768223,-0.45438301388453944,-0.6752520781519388,2.4904269251188875,1.1505445630194513,-1.581717064222326,-1.2882870450655068,1.3355040485858825,0.6025364140511376,-1.4452652498998915,-0.3507135450243321,-0.8988551441734184,-0.9592965397437719,2.1320093167002945,-1.5568828180558527,-0.22633023092861224,1.0198050440707846,-1.2481311372389001,0.250678803166285,1.0452085392378765,-0.37850983733424537,-0.09337941902992947,1.8844658403468286,0.3620398018801812,-1.6339231733091233,0.9011577790651999,1.2591634505969522,-1.8147246585810797,1.1206698379958044,1.939431399220002,-1.278559666061213,0.7528577963270834,1,C
-0.020165044877269243,-0.11463219449021929,-0.03853227968419019,-0.5399420401841901,0.1410619326480125,0.0006689430248821768,0.691304501798153,-0.7639655051944856,-0.28846341482441523,-0.4472914127931921,2.4882942703737156,1.4654824848850014,1.6973849617337842,0.08490492298411235,-1.9216245546243282,-0.6084315810744978,-1.205596022688775,0.06322288427024396,3.0787574938242264,-2.0754004181176877,1.045350473560072,-2.5490656093304875,-0.2696789754267343,0.19899070571298552,0.7942860007402099,0.7144554803665571,-1.1208014603109455,-2.067574132181908,1.0597249002521845,1.087469014417621,-0.45860184988057995,0.494236196404984,-0.4460040846526865,0.2359865250132759,1.5879412799275165,0.4109383644315877,-1.1255728406141419,1,B
3.1228008181382716,,-2.012200030530801,1.6781467442246532,-2.407521891780409,1.097220298643054,-0.10042393810624003,0.3091419469402619,2.309228817502669,1.7054438708988404,-0.7849379241804926,-2.138632057191253,1.2184292757054973,-1.1849463983958133,-0.218132127845089,1.1509101631531444,-0.9433298096615266,0.5175484067418918,0.053686892743461306,1.7328088149499643,1.8643355443054932,2.3834230624337676,-0.7438461987848466,0.14874978813443201,2.8173950105172447,-2.0657236541408763,-1.1046756472803658,-0.3566416425284055,1.618108076881303,-1.7367239112914712,0.62560696839869,1.6181232697183836,-0.3584881505090997,0.9143725895981734,-0.755160341109104,-1.7054689475615272,-0.2549554477327232,1,B
0.0604229065704954,-1.13455847959789,-0.3652028968000542,-1.3421855128984228,1.9879649582834378,-0.7306990764777243,-0.22992387371639006,0.828073051815814,-1.219708917424963,2.067717683129132,-1.2069006068463068,1.2095644559053762,1.050020371630371,-0.40257157114271014,-1.7302590188267994,-0.6682633640112166,-1.0468586134277853,0.9239772102964148,-2.038860179592399,2.4912104675070523,2.206230713901977,-0.9563114779935169,0.6290904189504074,-0.9215522904091913,0.48228626284505577,-0.4596085971885534,1.57966103367957,1.3421060415894353,-1.2024554420593652,-0.17440358772762415,-0.07038565684759042,-2.1927750939371666,-0.33799386898474715,1.2747661105369767,1.2627446322980262,-0.1514350599776315,-0.8297071146665548,1,B
1.39050052318877,0.9227672029257408,-1.6453019252379877,-0.22385306788938128,-1.7415152695732563,1.3450649705068605,2.251105484312873,2.9639725763969498,1.1706839846145563,0.08466889831238092,-1.6608868281715994,0.1734497582322422,-2.0306998513017858,-0.07135052453653445,1.791986547300234,1.040318852530873,0.32913181188265206,1.8726247584410465,0.3895601398885843,-0.13534666235576345,-0.21996901440335487,3.6553702063193754,-0.5952992750453502,-0.6611965443836778,-0.5043219423620697,-0.36552412320735744,0.9540093102964929,-1.1193135505755127,1.6928830058315023,-0.2695387978565193,0.8204549922488608,-0.440842191006957,-1.369437930481948,-0.6237122596973257,-0.48797358758928655,-0.4477161914604223,2.357815520649683,1,B
-4.019594713637625,-0.7791480726120872,-0.329009058948076,-1.3786322141976426,0.06467440240888758,2.305661999995902,-0.9045837045905375,-0.08954653177039426,1.2587218321890405,-0.28723389803722305,0.5444258315276919,1.235750291516578,0.07465141950977089,2.0977600553853524,1.3659416375455988,-1.0834898373904882,-0.30204132958304863,-0.6061506341823761,1.5796297655199543,1.0920228419346005,0.17492587568809148,0.3808652287174982,1.1072112261366747,0.06298649525394798,0.5587513110590951,1.6358629699651774,-2.019724666377697,-0.6271022691154529,-1.3224999483959274,-0.4349679287642102,1.3195209216434591,2.208468313457275,0.42306416263664504,-0.5978203845000606,-1.5414356917523997,1.4735773853053822,0.11483970497549804,1,C
-1.6702825925181994,-0.5114136388863053,-0.3886552612765314,1.5651204409332975,0.1818472675835972,0.19462119708029602,-0.9037208971789829,-1.424352356091859,-0.7459766924844708,1.5835791051075123,-0.03482682107846167,1.0084319063627103,0.2645741130545185,2.3189862880309025,0.4273552755080804,-0.3885182294314762,-0.8380664348992078,1.7718929966558048,0.240631443392466,-0.2814447356911762,-1.2306973156370586,0.9423976988181298,0.03500658769892294,-0.561329721627945,-0.8264815400378873,-0.5228186386950208,0.5435768857001467,1.1809794942878336,1.989147122486278,0.6578341001405899,-0.8190389041172836,1.5406476870121306,0.7391894568531431,-0.46614248399911884,-1.088712920785255,-0.037983028987414166,-1.44764351790202,1,B
-1.6051373157083146,-1.4186814201645945,0.11812397653473396,-1.9771879591912906,1.4152828085781586,1.1976199493960933,-1.2541061626106202,1.105579259595855,-0.7050258623626908,1.9966827819663278,1.5118298815804918,-1.6972157062156679,-2.4942860258354522,-0.05001245167005532,1.6821851258844887,0.5415589778317721,-1.3153395462482986,-0.5513989178409505,-0.13317109329003096,0.8878978733036662,-1.2330379417358963,1.3194040002733756,0.39078204088519425,-0.1531149858038107,1.2406583168798873,-1.0129281456708281,1.5037919282035737,1.7386606465271122,0.5234854422579498,0.21156369817484091,2.938362859953002,0.4496060349294929,-0.296677631015231,0.09710713558678036,2.4638273552878545,-1.6314114233930255,0.15099779025252583,1,B
-0.6126750172221664,0.18519151490336955,0.9803507150703306,-0.3439362297623123,1.5165215076183702,0.9627715013905448,0.7149349744286442,-1.0075593386968662,0.9602741725104108,-0.3955379068356799,0.17376521873223205,2.4150993749725176,0.5283368570027878,-1.2574226883109962,-1.8051151343266028,0.5137207171174506,1.6221661514982666,1.353947938316297,-1.3807699919457972,-1.756081472468286,1.7204755114717332,-0.7715716164710053,1.4734126983186595,-0.19008288201845597,0.21672730187772876,-1.3015319701922388,1.207101781197111,1.278645953739508,0.6049266673448344,0.3485949074078889,-1.194109666176723,0.5553239073990981,-0.1252645885028197,-0.19243461875625284,-1.2228302104277013,2.7368263841973155,1.8626453280291013,1,B
0.5110492169394849,0.24228073264998223,-1.1950322772149349,-0.488310949435387,0.5811888824355963,-1.0481839911017439,1.8664213354968886,-0.12491614834126188,2.119347689263959,0.7200045614605075,-0.4275529535250395,0.5495859540896391,1.2173487436805561,0.6042592544449338,0.32726708445431496,1.7289988530458817,3.5910938494071747,-0.8461358995298167,0.9189456768031703,-0.24694616633166366,2.627937838983694,-0.3032023334741657,-0.922326514601255,-0.2517579015522283,-2.512233471650242,0.2235038259702174,0.2079372018870423,0.17539389660381352,-3.236883477594858,-1.7114843568369056,0.8409844462295428,0.9873894254338036,-0.4005382346132313,-1.061849940920312,-0.1499664933883719,-0.4149126731580298,0.9022754940718929,1,B
-1.8248339789706178,-0.8556080699781412,-0.7063338165426909,-1.3539577701645855,1.5787075937641455,-0.45010653595165323,-1.1868004979103053,-3.746572835798865,-0.8032861595065999,-0.2702798081049247,0.49614511415968315,-0.15248226044822116,1.6502394391912718,-0.6101911189932837,1.6743157516732612,-0.6911922685150501,1.2969649484084806,-1.2400882981409436,-0.85927880399151,2.2972116466820474,0.43074479956316203,-0.5119913983348467,0.7678193930755688,-0.031991756803266894,-0.19135676968312149,-1.6115086348464016,0.4580153751042131,-0.5574806456289622,0.9894896792603234,0.47724797447524897,0.3050226857572262,3.0782620848935722,1.474703872324539,-0.09700944815387105,1.3825393565062067,1.2987488860797418,1.373110933066268,1,B
-0.06246808588866147,0.7020492443257222,0.21218384562992357,0.542204155842667,-2.1462087916374,-1.1941131467730524,-0.6287562167256551,0.017333190506882895,1.7092153418254608,1.01135777909274,-1.5955532432948494,-0.2571501379515293,-0.43795222806320844,-1.2604932157131474,0.6249587597262534,-1.363850567150431,0.29959653013505605,-0.17022523111931417,-2.676277913439228,0.627901963384694,0.2663785676149106,0.1513793725178855,-0.7323538793202018,-2.1445318632157426,1.9069088091547575,-1.1214465479974924,0.2763440690010544,-0.5014795292848055,1.2676720962009558,-1.9386588254257278,1.1007249055039836,-2.131628248035481,0.8148456676110027,-0.25043421764442286,0.273743742096484,2.03802090397714,-0.761844859535574,1,B
0.8006704391137265,-0.2868497765215797,,0.8582705906663153,-0.9013754571099757,0.08214985535590297,2.7645701288795883,0.11671801617702753,-0.7676925678487754,2.0257893246074445,-0.9089793662163865,-2.634113662750205,0.1020225752252949,1.2198988603729954,0.15545728339362344,-0.5535433769957722,1.2619565754212054,-0.9205772783207058,-0.12424461515080566,-1.347142131853596,0.8007163624339815,-0.18841810426157404,-1.4786314462324865,0.7104909247613242,-1.523260602827896,1.4569139329153111,0.4797449375535006,-0.11095726783817583,-0.5009285325104346,0.846723159084935,1.0940608031320531,2.349858951504722,-0.6863518068244943,-0.30017494168607184,-1.2597231251056784,-1.5783947100161244,0.1728385381220635,1,B
-1.2821198909542142,-2.5970690267110577,-0.047393429772194094,-0.04858615049224639,-1.3123414947269498,1.500921404830473,-2.1547854992467257,2.1619004468770493,2.717983927434253,-2.8424976427359443,1.9604476415048127,-1.7106386880846605,0.5531263572745028,0.7434214271419677,0.8752485692834637,-1.6388037693520838,-1.9832928832624266,0.8201170996255701,1.29736368492832,0.6244320201264382,-0.8994431696796684,0.26354523796235574,1.5128348406828018,-0.6890668315357382,1.2478190025937035,0.5310648939854006,0.7131380043608625,1.041857492899855,-0.13586751228747995,-1.4711188986695254,-1.0195707211708585,-0.4335553424470839,0.18803684975200516,2.1992772152528213,-0.2969111432714663,0.09974796041045482,-0.1602560756740569,1,B
-1.7035830293218344,-0.1171559772757893,-2.3272679016191216,0.12912325618910717,0.9040652247764025,0.8672094336377707,1.3670441859032096,-1.0235560666851895,-0.49706908235229474,1.3027997775019702,-1.6498748999695283,-1.336472223004605,-0.08684122996931909,0.5508587521657764,-0.08246873199170453,1.4652439284834826,-0.4138572689662341,-0.8997386704573163,-1.4095386188861951,0.2640617571428388,-0.943332582606675,-1.5130377734093312,-1.480589863799576,1.1319540481104204,1.5209361359133888,-1.0715236435972606,-0.4323207664623404,-0.9156428127304752,-0.9830636236138169,-1.4710634414150061,1.3283055313279424,1.160267057811532,-0.6229515252420927,0.4365557487994135,0.5653711727105153,0.3091525836483077,-0.7054704657409637,1,C
-1.293905631405822,1.109473608602575,0.5533071882457901,-0.6626849612666146,-1.1988919640462,0.3083538594945956,0.7334314769805157,-0.22750416133652757,-1.4269343114154653,-1.4032788845138922,-2.57724292915162,-1.2252486501504107,0.40664463339884716,-0.006174533846011318,0.41276963560576285,1.8866821373082847,1.123469756622543,-0.9908222160015587,0.506226569544644,-0.5166366159008893,0.46236992374736025,-1.3259603498178294,0.4140822751331318,-0.565217119715959,0.6313676043571745,-0.8871229112397612,-0.4178326941652515,0.8126664414548791,-0.5501909838195547,-0.5307382011582689,-0.7363592500139771,-1.02243695586776,-1.2293987890830946,-1.8758038893492395,-0.11926604583871003,-0.4147764420523791,0.9929271500330566,1,B
